,All Diagnoses,Infection,Neurological,Metal Health,Respiratory,Drug Issue,Cardiology,Diabetes,Circulatory,Cancer,Trauma,Year
Percent Caucasian,1.0,1.0264147166032997,1.0135089354410804,0.9984851559274834,1.0211469737951293,0.7825870638260041,1.04271057615858,0.9874955394314262,1.0140271504326532,1.0167264241250205,0.9963918956425202,2009
Percent Caucasian,1.0,1.0203925700877097,1.03588491898629,0.9662748846259198,1.0201911092646447,0.940987337656473,1.0191331524480212,0.9968148455892535,1.0289156626506024,1.009811127800326,1.0643955130868301,2010
Percent Caucasian,1.0,1.0031374095040317,1.0038284658621908,0.9579567414029941,1.013033514316566,0.9330777033428822,1.024207432752648,0.9403920836445108,0.9933719193427931,1.059596713965646,1.059596713965646,2011
Percent Caucasian,1.0,1.0050278854655512,0.9984071484071485,0.9963942307692307,1.0217849717849719,0.8695804195804197,1.0032787473963944,0.9895225464190981,1.0060285770209434,1.0628205128205128,1.0628205128205128,2012
Percent Caucasian,1.0,1.0132381118272078,1.0335760320501655,0.9686113253871484,1.0337134026020063,0.9530926525052755,1.0338966201494366,0.8882294025431109,0.9993443472279913,1.0551088660512107,0.8972014167102131,2013
Percent Caucasian,1.0,1.0069939506390546,1.0368757434625697,0.983723897659227,1.025816082502058,0.8347880337384475,1.032656375118209,0.9690800217746325,1.0074906009352904,1.0767555797495916,1.0767555797495916,2014
Percent Caucasian,1.0,1.025021028856092,1.0072604560793537,0.9686998590129885,1.0005796469318886,0.946941952023439,1.020729636596694,0.996606739716976,1.0023744911804613,0.9820789446773699,1.0576234788833214,2015
Percent Caucasian,1.0,1.010305514157973,1.043363499245852,0.9818074294725775,1.0137932920160406,0.9021293937850229,1.0369965172622653,1.0158566433566434,1.00985401459854,1.064230769230769,0.9121978021978021,2016
