,All Diagnoses,Infection,Neurological,Metal Health,Respiratory,Drug Issue,Cardiology,Diabetes,Circulatory,Cancer,Trauma,Year
Percent Emergency Admission,1.0,1.3111568622706309,1.2933905647205006,1.332690100833722,1.2594605999718673,0.7335606871594499,1.34827578436601,1.4002150446955643,1.1788464380120511,1.1052748529557435,1.513745994265475,2009
Percent Emergency Admission,1.0,1.3403654145094641,1.2837100545596258,1.2455503368389156,1.2783320342946218,1.4542512453827645,1.3969958526986326,1.259937646141855,1.1731683554169914,0.9984411535463756,1.4976617303195636,2010
Percent Emergency Admission,1.0,1.3778814389084804,1.295196664036966,1.3004883459399506,1.3204243179538733,1.360350282847007,1.381775577085691,1.3861402569593149,1.1448781332661544,1.2152462526766596,1.5190578158458246,2011
Percent Emergency Admission,1.0,1.5100728700021413,1.4397247394949206,1.3544778799195634,1.4374817218827562,1.4776122326395238,1.5036134534250358,1.5520807536478818,1.3679987982746031,1.3033297641743493,1.389208081968783,2012
Percent Emergency Admission,1.0,1.4258943781942077,1.4440885860306643,1.3405300791526151,1.3771046789965466,1.356299047672243,1.4333385469286992,1.504258943781942,1.2265496003145067,1.3538330494037478,1.504258943781942,2013
Percent Emergency Admission,1.0,1.427190556564622,1.3363736170931508,1.3494700785406637,1.3366461239481862,1.3176043247182472,1.3392242434094759,1.4658348112490498,1.2660381635619324,1.2027362553838359,1.5034203192297948,2014
Percent Emergency Admission,1.0,1.3904375056389282,1.358522067363531,1.3323007112003142,1.398650270212615,1.3443881168462848,1.3069747184182807,1.4148979831144466,1.288621678194394,1.322771486643438,1.5015243902439026,2015
Percent Emergency Admission,1.0,1.4425898892692381,1.5122242298512123,1.3839266509623434,1.4869205455718566,1.3967482614952271,1.3291802155276666,1.3950899782811046,1.2867309401028042,1.3254296149931142,1.5739476678043232,2016
