,All Diagnoses,Infection,Neurological,Metal Health,Respiratory,Drug Issue,Cardiology,Diabetes,Circulatory,Cancer,Trauma,Year
Avg APR Severity,1.0,1.243334532006117,0.9892110779884093,0.923470566609415,1.1634634114891345,0.8419195120023735,1.1463768272617907,1.02243208335752,1.071168723446918,1.2900568598020272,1.1808982024341634,2009
Avg APR Severity,1.0,1.2639625089358997,1.0389514218009477,0.8587530511259486,1.1716429699842024,1.0705062160862697,1.2124136160032246,1.0760926803580833,1.0809913112164298,1.2323793899623283,0.5059241706161137,2010
Avg APR Severity,1.0,0.8182185117187797,0.6836020745883112,0.5658704631386915,0.7762320488035823,0.7612197829869058,0.7681988772644545,0.8032771759969325,0.6950235136232407,0.8908301380368099,0.6120207055214724,2011
Avg APR Severity,1.0,0.879428083020551,0.7520353919336478,0.7096412399373881,0.8245877250237715,0.7520353919336478,0.8232860675576132,0.8445779486151378,0.7268212132488494,0.8375609855261018,0.8380525119260585,2012
Avg APR Severity,1.0,1.3201019383736194,1.1074152444204184,0.7776974872117354,1.2196001908111356,1.0563952656639097,1.174976386652964,1.2530021623291374,1.0476872780988928,1.326988956676191,1.0342240070018276,2013
Avg APR Severity,1.0,1.345413073941105,1.1527116562217024,0.7791337690631809,1.284921275218645,1.0490971253253694,1.116971239681985,1.13719438392641,1.114443495974666,1.2884575603529853,1.2188112057393103,2014
Avg APR Severity,1.0,1.2964407952793684,1.1659510270395728,0.7703889822983772,1.2800266677403234,1.0439328963028733,1.1603684981823381,1.2002437043054428,1.0640966572499,1.3374144133689219,1.1659510270395728,2015
Avg APR Severity,1.0,1.3223079120553851,1.2530000452837022,0.7625362637593879,1.326361987417338,0.9212709961069627,1.1321398046953137,1.2065601834654953,1.0979404102581394,1.4100055165449599,0.7724538740705023,2016
