,Diagnosis,Relative Frequency
8,Cancer,0.010749724366041897
2,Cardiology,0.20093715545755236
4,Circulatory,0.08269018743109151
7,Diabetes,0.017364939360529217
6,Drug Issue,0.019018743109151047
1,Infection,0.24669239250275635
3,Metal Health,0.13754134509371554
5,Neurological,0.030871003307607496
0,Respiratory,0.2522050716648291
9,Trauma,0.0019294377067254685
