,Diagnosis,Relative Frequency
8,Cancer,0.015432098765432098
2,Cardiology,0.15709876543209877
4,Circulatory,0.08395061728395062
6,Diabetes,0.024691358024691357
7,Drug Issue,0.020679012345679013
1,Infection,0.2490740740740741
3,Metal Health,0.1287037037037037
5,Neurological,0.029320987654320986
0,Respiratory,0.287962962962963
9,Trauma,0.0030864197530864196
