,All Diagnoses,Infection,Neurological,Metal Health,Respiratory,Drug Issue,Cardiology,Diabetes,Circulatory,Cancer,Trauma,Year
Avg APR Mortality Risk,1.0,1.3006975033906314,0.9976517667328989,0.6809340091689805,1.1633314604547842,0.6625191307699416,1.2794640932685086,1.039058212129528,1.142475892807994,1.4367224661544091,1.313574826198317,2009
Avg APR Mortality Risk,1.0,1.318629799741359,0.9453796145809148,0.6472969156329842,1.1721383793824007,0.8534741220056329,1.3528861524114728,1.0575032892191008,1.1381379150220572,1.2354485542319302,0.7648014859530997,2010
Avg APR Mortality Risk,1.0,1.2946525415741181,1.068784828410175,0.6281706127559412,1.1848499654743467,0.9684476145445903,1.3101842591443131,1.036373454175843,1.1463721711791612,1.501990513298323,0.9612739285109267,2011
Avg APR Mortality Risk,1.0,1.3555622553697353,1.0804375692904657,0.8637218940548781,1.2336216333929748,0.9296788386917961,1.3718903720024596,1.1627483704793946,1.1730793846583505,1.4171320676274946,1.2898246951219514,2012
Avg APR Mortality Risk,1.0,1.4246734657362679,1.1391000178922885,0.5905775801105915,1.2673129292758074,0.888363852884325,1.3652515331648885,1.1197463768115943,1.171143408985599,1.4929951690821257,1.152002445279418,2013
Avg APR Mortality Risk,1.0,1.4668540261904144,1.1984185664407476,0.5887931977818854,1.3357328733871479,0.8626970445907496,1.28122709178427,1.0008826247689464,1.2443882349126052,1.386029238783398,1.4458578390186523,2014
Avg APR Mortality Risk,1.0,1.3897556091732763,1.1176051506675813,0.5799811394694601,1.3382618866323246,0.7679379902234517,1.2965186847928405,0.9866514165553693,1.1975172162828267,1.4035041426988233,1.0916143332101957,2015
Avg APR Mortality Risk,1.0,1.4087891967517259,1.2401120448179273,0.5942792059876343,1.3907705451848986,0.6768847141505608,1.266114816005142,1.1422217068645641,1.2241903768806792,1.5751987110633725,1.2907288629737608,2016
