,All Diagnoses,Infection,Neurological,Metal Health,Respiratory,Drug Issue,Cardiology,Diabetes,Circulatory,Cancer,Trauma,Year
Age Score,1.0,1.1132253883025194,0.831114887800792,0.4210506581001164,1.1390398733827882,0.33029221376348983,1.4082919250520614,1.0876489815885442,1.3516505976711304,0.6588932231554308,0.931320228883157,2009
Age Score,1.0,1.1818625776252834,0.8046598605074297,0.39001342420006296,1.2052764581016882,0.5742400203921086,1.0182995084440551,1.0975437177802487,1.3440594359648237,0.5976253605890723,0.110987566966542,2010
Age Score,1.0,1.1895266490422995,1.2402750571573917,0.41485744855953915,1.240910828890871,0.5999233915966219,1.0281363629319509,0.9506874236195978,1.3372211094192148,0.5989823352960781,0.5911009887790245,2011
Age Score,1.0,1.253827216353859,1.2036996703982807,0.6454839482510781,1.2305156823604355,0.6229145794311103,1.0481290743417635,0.616377245014292,1.3569186933287491,0.6499978220150717,0.23171218655166909,2012
Age Score,1.0,1.3035820304769443,1.2558532884754932,0.812715375747238,1.300620651292998,0.6350120417562903,1.0583147012224594,1.029555049805396,1.392604545662135,0.9704320865492445,0.8494678628757394,2013
Age Score,1.0,1.3131499276030012,1.2204915195569401,0.40637009345794395,1.3039441386775625,0.4560537645699885,0.9957577110777965,0.9946261682242991,1.356014647209925,0.6283772302463891,0.3653355989804588,2014
Age Score,1.0,1.2797943565234227,0.8440606314506608,0.43828741673657445,1.2942263015576798,0.8702330541313014,0.972959813152816,0.6211420544265119,0.873035847157176,0.5814639905548997,0.5064363788703965,2015
Age Score,1.0,1.2671963657234158,1.2929235242199264,0.37643458045076905,1.3432681854666855,0.37468460727639025,0.603336032135436,0.7585586669876166,0.9744987254731428,0.21422709465632306,0.6686945740343799,2016
