,Diagnosis,Relative Frequency
7,Cancer,0.014
2,Cardiology,0.20066666666666666
4,Circulatory,0.04466666666666667
6,Diabetes,0.017333333333333333
5,Drug Issue,0.028666666666666667
0,Infection,0.2703333333333333
3,Metal Health,0.18633333333333332
8,Neurological,0.007
1,Respiratory,0.22866666666666666
9,Trauma,0.0023333333333333335
