,Diagnosis,Relative Frequency
8,Cancer,0.013737461840383776
1,Cardiology,0.2154382904491932
5,Circulatory,0.07392062799825556
7,Diabetes,0.01744439598778892
4,Drug Issue,0.10619276057566507
2,Infection,0.20366332315743568
3,Metal Health,0.11120802442215438
6,Neurological,0.034452682075883125
0,Respiratory,0.22067160924552987
9,Trauma,0.0032708242477104232
